,Player,Season,Assists_STD_Playoffs,Assists_STD_Regular,Goals_STD_Playoffs,Goals_STD_Regular,Takeaways_STD_Playoffs,Takeaways_STD_Regular
0,Adam Henrique,2015-16,,0.54,,0.58,,0.67
1,Adam Henrique,2016-17,,0.49,,0.46,,0.67
2,Adam Henrique,2017-18,0.0,0.52,0.0,0.53,1.0,0.79
3,Adam Henrique,2018-19,,0.48,,0.47,,0.92
4,Adam Henrique,2019-20,,0.49,,0.62,,0.68
5,Adam Henrique,2020-21,,0.5,,0.45,,0.48
6,Adam Henrique,2021-22,,0.53,,0.54,,0.54
7,Adam Henrique,2022-23,,0.48,,0.58,,0.64
8,Adam Henrique,2023-24,0.39,0.57,0.44,0.56,0.62,0.56
9,Adrian Kempe,2016-17,,0.47,,0.28,,0.41
10,Adrian Kempe,2017-18,0.0,0.49,0.0,0.49,0.0,0.65
11,Adrian Kempe,2018-19,,0.4,,0.39,,0.46
12,Adrian Kempe,2019-20,,0.49,,0.41,,0.51
13,Adrian Kempe,2020-21,,0.52,,0.58,,0.56
14,Adrian Kempe,2021-22,0.53,0.51,0.76,0.66,0.0,0.64
15,Adrian Kempe,2022-23,0.55,0.49,0.75,0.82,0.89,0.51
16,Adrian Kempe,2023-24,0.42,0.71,0.79,0.58,0.42,0.75
17,Aleksander Barkov,2015-16,0.41,0.61,0.52,0.61,1.83,0.79
18,Aleksander Barkov,2016-17,,0.67,,0.51,,0.83
19,Aleksander Barkov,2017-18,,0.83,,0.53,,1.14
20,Aleksander Barkov,2018-19,,0.97,,0.69,,1.21
21,Aleksander Barkov,2019-20,0.5,0.83,0.5,0.53,0.5,0.94
22,Aleksander Barkov,2020-21,0.63,0.72,0.41,0.65,0.52,1.02
23,Aleksander Barkov,2021-22,0.71,0.83,0.42,0.74,0.94,1.11
24,Aleksander Barkov,2022-23,0.68,0.83,0.44,0.61,1.28,0.98
25,Aleksander Barkov,2023-24,0.83,0.92,0.64,0.52,0.97,0.85
26,Alex Debrincat,2017-18,,0.48,,0.69,,0.65
27,Alex Debrincat,2018-19,,0.7,,0.69,,0.7
28,Alex Debrincat,2019-20,0.73,0.69,0.44,0.5,1.01,0.71
29,Alex Debrincat,2020-21,,0.7,,0.69,,0.77
30,Alex Debrincat,2021-22,,0.76,,0.63,,0.86
31,Alex Debrincat,2022-23,,0.69,,0.57,,0.77
32,Alex Debrincat,2023-24,,0.67,,0.65,,0.9
33,Alex Ovechkin,2015-16,0.67,0.52,0.67,0.74,0.8,0.54
34,Alex Ovechkin,2016-17,0.6,0.59,0.51,0.66,0.78,0.64
35,Alex Ovechkin,2017-18,0.59,0.79,0.65,0.81,0.58,0.51
36,Alex Ovechkin,2018-19,0.95,0.63,0.53,0.83,0.49,0.83
37,Alex Ovechkin,2019-20,0.35,0.48,0.93,0.92,0.35,0.67
38,Alex Ovechkin,2020-21,0.55,0.62,0.55,0.66,0.84,0.57
39,Alex Ovechkin,2021-22,0.41,0.74,0.41,0.72,0.55,0.69
40,Alex Ovechkin,2022-23,,0.65,,0.78,,0.66
41,Alex Ovechkin,2023-24,0.0,0.57,0.0,0.63,0.0,0.57
42,Alex Tuch,2016-17,,0.0,,0.0,,0.52
43,Alex Tuch,2017-18,0.41,0.51,0.57,0.43,1.27,0.86
44,Alex Tuch,2018-19,0.38,0.58,0.38,0.48,0.53,1.01
45,Alex Tuch,2019-20,0.41,0.56,0.6,0.45,0.69,0.66
46,Alex Tuch,2020-21,0.45,0.53,0.54,0.55,0.58,0.98
47,Alex Tuch,2021-22,,0.71,,0.43,,0.9
48,Alex Tuch,2022-23,,0.78,,0.73,,0.85
49,Alex Tuch,2023-24,,0.76,,0.51,,0.91
50,Anze Kopitar,2015-16,0.55,0.82,0.55,0.58,0.0,0.71
51,Anze Kopitar,2016-17,,0.77,,0.37,,0.59
52,Anze Kopitar,2017-18,0.5,0.68,0.5,0.7,0.82,0.77
53,Anze Kopitar,2018-19,,0.69,,0.5,,0.97
54,Anze Kopitar,2019-20,,0.75,,0.52,,0.67
55,Anze Kopitar,2020-21,,0.75,,0.47,,0.49
56,Anze Kopitar,2021-22,0.53,0.77,0.38,0.53,0.53,0.86
57,Anze Kopitar,2022-23,1.17,0.89,0.52,0.67,0.89,0.76
58,Anze Kopitar,2023-24,0.89,0.69,0.45,0.54,0.89,0.8
59,Artemi Panarin,2015-16,0.76,0.84,0.49,0.68,1.07,0.58
60,Artemi Panarin,2016-17,0.5,0.65,0.0,0.56,1.26,0.8
61,Artemi Panarin,2017-18,0.98,0.97,0.52,0.59,0.52,0.98
62,Artemi Panarin,2018-19,0.52,0.93,0.71,0.58,1.2,0.74
63,Artemi Panarin,2019-20,0.58,0.9,0.58,0.63,0.58,1.14
64,Artemi Panarin,2020-21,,1.05,,0.63,,0.8
65,Artemi Panarin,2021-22,0.69,0.99,0.47,0.51,1.24,0.96
66,Artemi Panarin,2022-23,0.76,0.92,0.0,0.67,0.0,0.65
67,Artemi Panarin,2023-24,0.96,0.89,0.48,0.77,0.34,0.77
68,Auston Matthews,2016-17,0.41,0.69,0.52,0.72,0.82,1.19
69,Auston Matthews,2017-18,0.38,0.62,0.38,0.64,1.15,0.91
70,Auston Matthews,2018-19,0.38,0.66,0.76,0.72,0.82,0.82
71,Auston Matthews,2019-20,0.84,0.76,0.55,0.76,1.14,1.11
72,Auston Matthews,2020-21,0.79,0.64,0.38,0.78,1.29,0.98
73,Auston Matthews,2021-22,0.76,0.79,0.79,0.89,1.11,1.37
74,Auston Matthews,2022-23,0.82,0.77,0.69,0.62,1.01,1.03
75,Auston Matthews,2023-24,0.84,0.65,0.42,0.93,0.84,0.89
76,Blake Coleman,2016-17,,0.21,,0.21,,0.67
77,Blake Coleman,2017-18,0.0,0.36,0.55,0.41,1.41,0.96
78,Blake Coleman,2018-19,,0.42,,0.51,,0.64
79,Blake Coleman,2019-20,0.48,0.45,0.5,0.64,0.71,0.8
80,Blake Coleman,2020-21,0.49,0.57,0.34,0.48,0.66,0.83
81,Blake Coleman,2021-22,0.62,0.41,0.58,0.43,1.17,0.59
82,Blake Coleman,2022-23,,0.49,,0.45,,0.76
83,Blake Coleman,2023-24,,0.52,,0.56,,0.75
84,Brad Marchand,2015-16,,0.54,,0.62,,0.73
85,Brad Marchand,2016-17,0.84,0.71,0.41,0.73,0.52,0.82
86,Brad Marchand,2017-18,1.38,0.84,0.49,0.63,0.65,0.89
87,Brad Marchand,2018-19,0.72,1.06,0.58,0.62,1.0,0.94
88,Brad Marchand,2019-20,0.65,0.85,0.66,0.62,1.2,0.73
89,Brad Marchand,2020-21,0.5,0.76,0.65,0.72,0.67,1.1
90,Brad Marchand,2021-22,1.15,0.84,0.79,0.74,0.79,0.75
91,Brad Marchand,2022-23,1.46,0.81,0.53,0.49,0.53,0.74
92,Brad Marchand,2023-24,0.67,0.67,0.65,0.65,0.75,0.82
93,Brady Tkachuk,2018-19,,0.65,,0.55,,0.52
94,Brady Tkachuk,2019-20,,0.58,,0.46,,0.67
95,Brady Tkachuk,2020-21,,0.58,,0.54,,0.68
96,Brady Tkachuk,2021-22,,0.69,,0.65,,0.81
97,Brady Tkachuk,2022-23,,0.78,,0.61,,0.6
98,Brady Tkachuk,2023-24,,0.65,,0.76,,0.75
99,Brayden Point,2016-17,,0.53,,0.54,,0.63
100,Brayden Point,2017-18,0.8,0.65,0.51,0.56,0.87,0.81
101,Brayden Point,2018-19,0.0,0.8,0.5,0.7,0.5,0.66
102,Brayden Point,2019-20,0.89,0.74,0.72,0.58,0.83,0.64
103,Brayden Point,2020-21,0.72,0.74,0.58,0.56,1.08,0.69
104,Brayden Point,2021-22,0.5,0.71,0.44,0.53,0.5,0.75
105,Brayden Point,2022-23,0.52,0.69,0.82,0.71,0.55,0.98
106,Brayden Point,2023-24,0.84,0.74,0.52,0.77,0.94,0.67
107,Brock Nelson,2015-16,0.67,0.41,0.3,0.57,0.67,0.88
108,Brock Nelson,2016-17,,0.56,,0.49,,0.78
109,Brock Nelson,2017-18,,0.48,,0.53,,0.63
110,Brock Nelson,2018-19,0.0,0.55,0.53,0.51,0.71,0.89
111,Brock Nelson,2019-20,0.67,0.67,0.59,0.62,0.95,0.67
112,Brock Nelson,2020-21,0.45,0.49,0.68,0.54,0.58,0.71
113,Brock Nelson,2021-22,,0.6,,0.79,,0.95
114,Brock Nelson,2022-23,0.55,0.59,0.52,0.67,0.89,0.74
115,Brock Nelson,2023-24,0.55,0.65,0.55,0.63,0.45,0.65
116,Cale Makar,2018-19,0.53,,0.32,,1.49,
117,Cale Makar,2019-20,0.8,0.83,0.46,0.49,0.72,0.75
118,Cale Makar,2020-21,0.92,0.84,0.42,0.39,1.23,0.82
119,Cale Makar,2021-22,1.15,0.78,0.6,0.58,1.01,0.94
120,Cale Makar,2022-23,0.82,0.89,0.41,0.52,2.32,0.91
121,Cale Makar,2023-24,0.8,0.88,0.66,0.53,1.14,1.0
122,Charlie Coyle,2015-16,0.41,0.47,0.41,0.49,1.03,0.63
123,Charlie Coyle,2016-17,0.0,0.69,0.55,0.45,1.0,0.56
124,Charlie Coyle,2017-18,0.0,0.58,0.0,0.41,0.89,0.7
125,Charlie Coyle,2018-19,0.69,0.47,0.58,0.36,0.83,0.65
126,Charlie Coyle,2019-20,0.38,0.49,0.44,0.46,0.83,0.75
127,Charlie Coyle,2020-21,0.3,0.4,0.4,0.38,0.69,0.7
128,Charlie Coyle,2021-22,0.79,0.59,0.49,0.43,0.49,0.63
129,Charlie Coyle,2022-23,0.38,0.57,0.38,0.4,0.79,0.88
130,Charlie Coyle,2023-24,0.48,0.63,0.28,0.62,0.66,0.84
131,Chris Kreider,2015-16,0.0,0.48,0.55,0.5,0.45,0.51
132,Chris Kreider,2016-17,0.29,0.5,0.45,0.61,0.49,0.45
133,Chris Kreider,2017-18,,0.64,,0.52,,0.57
134,Chris Kreider,2018-19,,0.56,,0.58,,0.67
135,Chris Kreider,2019-20,0.58,0.54,0.58,0.55,0.58,0.57
136,Chris Kreider,2020-21,,0.4,,0.73,,0.52
137,Chris Kreider,2021-22,0.57,0.61,0.69,0.71,0.93,0.63
138,Chris Kreider,2022-23,0.79,0.45,0.9,0.64,0.49,0.67
139,Chris Kreider,2023-24,0.58,0.61,0.82,0.63,0.6,0.57
140,Clayton Keller,2016-17,,0.58,,0.0,,0.58
141,Clayton Keller,2017-18,,0.65,,0.5,,0.74
142,Clayton Keller,2018-19,,0.63,,0.41,,0.85
143,Clayton Keller,2019-20,0.5,0.55,0.53,0.58,0.78,0.74
144,Clayton Keller,2020-21,,0.62,,0.44,,0.56
145,Clayton Keller,2021-22,,0.64,,0.55,,1.11
146,Clayton Keller,2022-23,,0.7,,0.74,,0.82
147,Clayton Keller,2023-24,,0.75,,0.57,,0.76
148,Cole Caufield,2020-21,0.6,0.32,0.41,0.52,0.6,0.48
149,Cole Caufield,2021-22,,0.52,,0.62,,0.66
150,Cole Caufield,2022-23,,0.47,,0.72,,0.62
151,Cole Caufield,2023-24,,0.54,,0.52,,0.6
152,Connor Bedard,2023-24,,0.77,,0.58,,0.88
153,Connor Mcdavid,2015-16,,0.79,,0.61,,0.84
154,Connor Mcdavid,2016-17,0.48,0.86,0.51,0.58,0.8,0.89
155,Connor Mcdavid,2017-18,,0.9,,0.82,,1.39
156,Connor Mcdavid,2018-19,,0.92,,0.64,,1.22
157,Connor Mcdavid,2019-20,1.15,1.16,1.26,0.73,0.96,0.86
158,Connor Mcdavid,2020-21,1.5,1.02,0.5,0.83,0.96,0.84
159,Connor Mcdavid,2021-22,1.03,0.91,0.5,0.69,0.96,0.98
160,Connor Mcdavid,2022-23,1.04,0.86,0.89,0.79,0.79,1.02
161,Connor Mcdavid,2023-24,1.29,1.2,0.56,0.59,0.96,0.97
162,David Pastrnak,2015-16,,0.54,,0.54,,0.81
163,David Pastrnak,2016-17,0.52,0.76,0.52,0.66,0.82,0.84
164,David Pastrnak,2017-18,1.34,0.74,0.9,0.63,0.65,0.86
165,David Pastrnak,2018-19,0.65,0.77,0.65,0.8,0.9,0.73
166,David Pastrnak,2019-20,0.82,0.93,0.48,0.88,0.7,0.86
167,David Pastrnak,2020-21,0.47,0.77,1.03,0.77,0.52,0.65
168,David Pastrnak,2021-22,0.53,0.69,0.53,0.8,0.95,0.65
169,David Pastrnak,2022-23,0.0,0.71,0.76,0.78,0.53,0.62
170,David Pastrnak,2023-24,0.48,0.79,0.48,0.75,0.63,0.86
171,Drake Batherson,2018-19,,0.57,,0.37,,0.59
172,Drake Batherson,2019-20,,0.56,,0.34,,0.42
173,Drake Batherson,2020-21,,0.5,,0.57,,0.52
174,Drake Batherson,2021-22,,0.78,,0.68,,0.69
175,Drake Batherson,2022-23,,0.61,,0.5,,0.8
176,Drake Batherson,2023-24,,0.67,,0.55,,0.75
177,Dylan Larkin,2015-16,0.0,0.45,0.45,0.48,0.0,0.73
178,Dylan Larkin,2016-17,,0.39,,0.44,,0.97
179,Dylan Larkin,2017-18,,0.7,,0.43,,0.89
180,Dylan Larkin,2018-19,,0.77,,0.59,,1.15
181,Dylan Larkin,2019-20,,0.61,,0.51,,0.78
182,Dylan Larkin,2020-21,,0.6,,0.46,,0.66
183,Dylan Larkin,2021-22,,0.77,,0.65,,0.81
184,Dylan Larkin,2022-23,,0.71,,0.63,,0.85
185,Dylan Larkin,2023-24,,0.68,,0.61,,0.79
186,Dylan Strome,2016-17,,0.38,,0.0,,0.79
187,Dylan Strome,2017-18,,0.7,,0.4,,0.98
188,Dylan Strome,2018-19,,0.75,,0.47,,0.76
189,Dylan Strome,2019-20,0.33,0.68,0.44,0.49,1.12,0.73
190,Dylan Strome,2020-21,,0.46,,0.42,,0.81
191,Dylan Strome,2021-22,,0.55,,0.65,,0.87
192,Dylan Strome,2022-23,,0.69,,0.53,,0.81
193,Dylan Strome,2023-24,0.46,0.72,0.46,0.59,0.53,0.86
194,Elias Pettersson,2018-19,,0.77,,0.64,,0.82
195,Elias Pettersson,2019-20,0.79,0.82,0.51,0.6,0.51,0.8
196,Elias Pettersson,2020-21,,0.5,,0.57,,0.58
197,Elias Pettersson,2021-22,,0.67,,0.65,,0.89
198,Elias Pettersson,2022-23,,0.88,,0.64,,0.8
199,Elias Pettersson,2023-24,0.49,0.84,0.27,0.68,0.63,0.75
200,Erik Karlsson,2015-16,,0.92,,0.43,,0.89
201,Erik Karlsson,2016-17,0.83,0.8,0.32,0.45,0.96,0.87
202,Erik Karlsson,2017-18,,0.94,,0.38,,0.8
203,Erik Karlsson,2018-19,0.81,0.88,0.46,0.23,0.78,1.14
204,Erik Karlsson,2019-20,,0.65,,0.31,,1.13
205,Erik Karlsson,2020-21,,0.49,,0.41,,0.84
206,Erik Karlsson,2021-22,,0.74,,0.4,,0.97
207,Erik Karlsson,2022-23,,0.91,,0.6,,1.09
208,Erik Karlsson,2023-24,,0.69,,0.38,,0.77
209,Evan Bouchard,2018-19,,0.0,,0.38,,0.53
210,Evan Bouchard,2020-21,,0.58,,0.36,,0.47
211,Evan Bouchard,2021-22,0.72,0.6,0.4,0.39,0.73,0.71
212,Evan Bouchard,2022-23,0.9,0.7,0.49,0.34,0.67,0.91
213,Evan Bouchard,2023-24,1.12,0.87,0.43,0.47,0.73,0.97
214,Evgeni Malkin,2015-16,0.67,0.83,0.54,0.71,1.01,0.99
215,Evgeni Malkin,2016-17,0.98,0.73,0.5,0.69,0.74,0.91
216,Evgeni Malkin,2017-18,0.53,0.75,0.53,0.68,0.87,0.97
217,Evgeni Malkin,2018-19,0.58,0.8,0.5,0.58,1.26,0.94
218,Evgeni Malkin,2019-20,0.5,0.92,0.0,0.66,0.58,1.08
219,Evgeni Malkin,2020-21,1.15,0.61,0.5,0.44,1.0,0.86
220,Evgeni Malkin,2021-22,0.79,0.64,0.53,0.71,1.15,0.95
221,Evgeni Malkin,2022-23,,0.8,,0.57,,1.01
222,Evgeni Malkin,2023-24,,0.59,,0.59,,1.15
223,Fabian Zetterlund,2021-22,,0.63,,0.43,,0.43
224,Fabian Zetterlund,2022-23,,0.47,,0.34,,0.61
225,Fabian Zetterlund,2023-24,,0.48,,0.48,,0.69
226,Filip Forsberg,2015-16,0.53,0.62,0.36,0.68,0.99,0.91
227,Filip Forsberg,2016-17,0.48,0.55,0.59,0.66,0.79,1.02
228,Filip Forsberg,2017-18,0.85,0.74,0.78,0.67,0.9,0.81
229,Filip Forsberg,2018-19,0.41,0.57,0.41,0.71,0.41,0.96
230,Filip Forsberg,2019-20,0.58,0.59,0.96,0.54,0.5,0.85
231,Filip Forsberg,2020-21,0.41,0.82,0.52,0.52,0.75,0.79
232,Filip Forsberg,2021-22,0.0,0.75,0.5,0.79,0.82,1.11
233,Filip Forsberg,2022-23,,0.68,,0.6,,0.87
234,Filip Forsberg,2023-24,0.82,0.65,0.52,0.77,0.82,1.05
235,Frank Vatrano,2015-16,,0.27,,0.57,,0.72
236,Frank Vatrano,2016-17,0.0,0.5,0.41,0.48,0.52,0.51
237,Frank Vatrano,2017-18,,0.26,,0.38,,0.5
238,Frank Vatrano,2018-19,,0.5,,0.49,,0.69
239,Frank Vatrano,2019-20,0.0,0.47,0.0,0.52,0.0,0.68
240,Frank Vatrano,2020-21,0.41,0.35,0.41,0.51,0.41,0.63
241,Frank Vatrano,2021-22,0.6,0.43,0.44,0.53,0.57,0.58
242,Frank Vatrano,2022-23,,0.45,,0.57,,0.49
243,Frank Vatrano,2023-24,,0.55,,0.76,,0.62
244,Gustav Nyquist,2015-16,0.0,0.54,0.45,0.41,1.73,0.55
245,Gustav Nyquist,2016-17,,0.66,,0.43,,0.62
246,Gustav Nyquist,2017-18,,0.45,,0.52,,0.76
247,Gustav Nyquist,2018-19,0.76,0.63,0.22,0.5,0.69,0.76
248,Gustav Nyquist,2019-20,0.42,0.57,0.0,0.51,1.06,0.64
249,Gustav Nyquist,2021-22,,0.67,,0.42,,0.72
250,Gustav Nyquist,2022-23,0.75,0.62,0.0,0.5,0.84,0.75
251,Gustav Nyquist,2023-24,0.52,0.74,0.39,0.48,1.04,0.76
252,J.T. Miller,2015-16,1.34,0.54,0.0,0.5,0.55,0.67
253,J.T. Miller,2016-17,0.45,0.65,0.0,0.55,0.67,0.8
254,J.T. Miller,2017-18,0.61,0.67,0.33,0.55,0.71,0.88
255,J.T. Miller,2018-19,0.58,0.72,0.0,0.38,0.58,0.81
256,J.T. Miller,2019-20,0.85,0.78,0.49,0.62,0.51,0.96
257,J.T. Miller,2020-21,,0.75,,0.5,,0.87
258,J.T. Miller,2021-22,,0.92,,0.63,,0.89
259,J.T. Miller,2022-23,,0.66,,0.58,,0.83
260,J.T. Miller,2023-24,1.03,0.95,0.44,0.59,0.77,0.63
261,Jack Eichel,2015-16,,0.61,,0.56,,0.65
262,Jack Eichel,2016-17,,0.72,,0.67,,0.84
263,Jack Eichel,2017-18,,0.87,,0.67,,0.74
264,Jack Eichel,2018-19,,0.86,,0.65,,0.72
265,Jack Eichel,2019-20,,0.75,,0.78,,0.79
266,Jack Eichel,2020-21,,0.83,,0.3,,0.4
267,Jack Eichel,2021-22,,0.47,,0.61,,0.9
268,Jack Eichel,2022-23,0.87,0.65,0.55,0.7,0.94,0.8
269,Jack Eichel,2023-24,0.79,0.73,0.53,0.62,0.49,0.97
270,Jack Hughes,2019-20,,0.46,,0.32,,0.83
271,Jack Hughes,2020-21,,0.67,,0.44,,1.19
272,Jack Hughes,2021-22,,0.79,,0.65,,1.29
273,Jack Hughes,2022-23,0.67,0.77,0.67,0.75,0.72,0.94
274,Jack Hughes,2023-24,,0.91,,0.69,,0.95
275,Jared Mccann,2015-16,,0.34,,0.38,,0.67
276,Jared Mccann,2016-17,,0.49,,0.19,,0.59
277,Jared Mccann,2017-18,,0.51,,0.34,,0.82
278,Jared Mccann,2018-19,0.58,0.44,0.0,0.51,1.73,0.73
279,Jared Mccann,2019-20,0.58,0.5,0.0,0.45,0.0,0.77
280,Jared Mccann,2020-21,0.41,0.66,0.0,0.52,0.41,0.63
281,Jared Mccann,2021-22,,0.52,,0.54,,0.7
282,Jared Mccann,2022-23,0.46,0.58,0.35,0.66,0.76,0.75
283,Jared Mccann,2023-24,,0.65,,0.56,,0.73
284,Jason Robertson,2019-20,,0.58,,0.0,,0.58
285,Jason Robertson,2020-21,,0.81,,0.52,,0.56
286,Jason Robertson,2021-22,0.53,0.71,0.38,0.78,0.9,0.8
287,Jason Robertson,2022-23,0.84,0.91,0.6,0.72,0.77,0.87
288,Jason Robertson,2023-24,0.76,0.68,0.73,0.55,1.13,0.91
289,Jesper Bratt,2017-18,,0.54,,0.42,,0.5
290,Jesper Bratt,2018-19,,0.64,,0.37,,0.55
291,Jesper Bratt,2019-20,,0.55,,0.48,,0.56
292,Jesper Bratt,2020-21,,0.59,,0.36,,0.68
293,Jesper Bratt,2021-22,,0.67,,0.58,,0.61
294,Jesper Bratt,2022-23,0.79,0.63,0.29,0.66,0.78,0.84
295,Jesper Bratt,2023-24,,0.88,,0.57,,0.72
296,Joe Pavelski,2015-16,0.65,0.65,0.72,0.61,0.72,0.67
297,Joe Pavelski,2016-17,0.52,0.63,0.82,0.6,1.52,0.59
298,Joe Pavelski,2017-18,0.84,0.69,0.42,0.52,0.71,0.72
299,Joe Pavelski,2018-19,0.51,0.67,0.48,0.67,0.48,0.72
300,Joe Pavelski,2019-20,0.51,0.53,0.75,0.48,0.89,0.68
301,Joe Pavelski,2020-21,,0.76,,0.6,,0.57
302,Joe Pavelski,2021-22,0.53,0.79,0.79,0.61,0.53,0.7
303,Joe Pavelski,2022-23,0.63,0.73,1.08,0.57,0.65,0.64
304,Joe Pavelski,2023-24,0.37,0.63,0.23,0.47,0.61,0.54
305,Joel Eriksson Ek,2016-17,0.0,0.8,0.0,0.41,0.0,0.41
306,Joel Eriksson Ek,2017-18,0.45,0.34,0.0,0.27,0.45,0.51
307,Joel Eriksson Ek,2018-19,,0.33,,0.33,,0.57
308,Joel Eriksson Ek,2019-20,0.0,0.51,0.5,0.38,0.5,0.53
309,Joel Eriksson Ek,2020-21,0.38,0.44,0.49,0.51,0.38,0.62
310,Joel Eriksson Ek,2021-22,0.52,0.51,0.84,0.62,0.84,0.59
311,Joel Eriksson Ek,2022-23,,0.64,,0.51,,0.68
312,Joel Eriksson Ek,2023-24,,0.66,,0.63,,0.72
313,Joel Farabee,2019-20,0.39,0.48,0.45,0.41,0.65,0.69
314,Joel Farabee,2020-21,,0.75,,0.65,,0.66
315,Joel Farabee,2021-22,,0.57,,0.45,,0.68
316,Joel Farabee,2022-23,,0.48,,0.39,,0.51
317,Joel Farabee,2023-24,,0.61,,0.5,,0.57
318,John Carlson,2015-16,0.67,0.71,0.51,0.35,0.51,0.53
319,John Carlson,2016-17,0.38,0.57,0.38,0.37,1.09,0.76
320,John Carlson,2017-18,0.92,0.69,0.41,0.39,1.25,0.97
321,John Carlson,2018-19,1.25,0.8,0.0,0.4,1.35,0.85
322,John Carlson,2019-20,0.84,0.87,0.0,0.51,0.0,0.73
323,John Carlson,2020-21,0.55,0.81,0.0,0.44,0.45,0.7
324,John Carlson,2021-22,0.52,0.78,0.41,0.45,0.52,0.78
325,John Carlson,2022-23,,0.6,,0.48,,0.99
326,John Carlson,2023-24,0.5,0.72,0.5,0.33,0.0,0.79
327,Johnny Gaudreau,2015-16,,0.72,,0.74,,0.7
328,Johnny Gaudreau,2016-17,0.58,0.82,0.0,0.52,1.0,0.9
329,Johnny Gaudreau,2017-18,,0.79,,0.49,,0.93
330,Johnny Gaudreau,2018-19,0.45,0.89,0.0,0.72,1.14,0.81
331,Johnny Gaudreau,2019-20,0.48,0.69,0.52,0.47,0.97,0.73
332,Johnny Gaudreau,2020-21,,0.66,,0.55,,0.73
333,Johnny Gaudreau,2021-22,0.9,1.01,0.45,0.69,0.9,0.83
334,Johnny Gaudreau,2022-23,,0.83,,0.5,,1.04
335,Johnny Gaudreau,2023-24,,0.75,,0.36,,0.57
336,Jonathan Marchessault,2015-16,0.45,0.57,0.0,0.37,0.0,0.47
337,Jonathan Marchessault,2016-17,,0.48,,0.64,,1.07
338,Jonathan Marchessault,2017-18,0.75,0.76,0.68,0.51,0.85,0.9
339,Jonathan Marchessault,2018-19,0.49,0.59,0.53,0.64,0.69,0.8
340,Jonathan Marchessault,2019-20,0.67,0.49,0.49,0.62,0.69,0.66
341,Jonathan Marchessault,2020-21,0.37,0.57,0.75,0.51,0.9,0.84
342,Jonathan Marchessault,2021-22,,0.72,,0.59,,0.66
343,Jonathan Marchessault,2022-23,0.8,0.59,0.85,0.61,0.59,0.68
344,Jonathan Marchessault,2023-24,0.49,0.57,0.49,0.8,0.49,0.72
345,Jordan Kyrou,2018-19,,0.34,,0.25,,0.4
346,Jordan Kyrou,2019-20,0.0,0.48,0.0,0.36,0.45,0.79
347,Jordan Kyrou,2020-21,0.0,0.62,0.5,0.55,0.58,0.81
348,Jordan Kyrou,2021-22,0.39,0.8,0.67,0.61,1.36,0.76
349,Jordan Kyrou,2022-23,,0.66,,0.73,,0.88
350,Jordan Kyrou,2023-24,,0.7,,0.69,,0.84
351,Josh Morrissey,2016-17,,0.41,,0.26,,0.39
352,Josh Morrissey,2017-18,0.25,0.48,0.25,0.28,0.63,0.5
353,Josh Morrissey,2018-19,0.41,0.59,0.0,0.3,0.41,0.73
354,Josh Morrissey,2019-20,0.5,0.63,0.0,0.27,1.0,0.59
355,Josh Morrissey,2020-21,0.76,0.57,0.35,0.26,0.46,0.55
356,Josh Morrissey,2021-22,,0.57,,0.36,,0.59
357,Josh Morrissey,2022-23,0.58,0.79,0.0,0.52,0.58,0.72
358,Josh Morrissey,2023-24,0.45,0.94,0.55,0.33,0.55,0.74
359,Kevin Fiala,2015-16,,0.0,,0.45,,0.0
360,Kevin Fiala,2016-17,0.0,0.29,0.55,0.49,0.45,1.05
361,Kevin Fiala,2017-18,0.29,0.54,0.45,0.53,0.87,0.73
362,Kevin Fiala,2018-19,,0.54,,0.4,,0.69
363,Kevin Fiala,2019-20,0.5,0.59,0.96,0.57,0.96,0.64
364,Kevin Fiala,2020-21,0.38,0.53,0.38,0.64,1.46,1.04
365,Kevin Fiala,2021-22,0.84,0.82,0.0,0.63,0.55,0.76
366,Kevin Fiala,2022-23,0.58,0.89,0.58,0.61,0.0,0.44
367,Kevin Fiala,2023-24,0.45,0.76,0.45,0.53,0.55,0.77
368,Kirill Kaprizov,2020-21,0.38,0.66,0.49,0.69,0.95,0.66
369,Kirill Kaprizov,2021-22,0.41,0.86,1.17,0.65,0.75,0.87
370,Kirill Kaprizov,2022-23,0.0,0.7,0.41,0.72,0.52,0.91
371,Kirill Kaprizov,2023-24,,0.74,,0.82,,0.77
372,Kirill Marchenko,2022-23,,0.25,,0.64,,0.75
373,Kirill Marchenko,2023-24,,0.46,,0.56,,0.82
374,Kyle Connor,2016-17,,0.37,,0.31,,0.69
375,Kyle Connor,2017-18,0.62,0.58,0.53,0.61,0.87,0.72
376,Kyle Connor,2018-19,0.52,0.72,0.84,0.63,0.52,0.78
377,Kyle Connor,2019-20,0.5,0.65,0.0,0.71,1.41,0.8
378,Kyle Connor,2020-21,0.76,0.68,0.52,0.69,0.83,0.82
379,Kyle Connor,2021-22,,0.79,,0.61,,0.82
380,Kyle Connor,2022-23,0.45,0.73,0.55,0.66,1.73,0.69
381,Kyle Connor,2023-24,0.52,0.68,0.84,0.73,0.84,0.68
382,Leon Draisaitl,2015-16,,0.75,,0.47,,0.8
383,Leon Draisaitl,2016-17,1.09,0.68,0.88,0.57,0.77,1.02
384,Leon Draisaitl,2017-18,,0.83,,0.47,,0.98
385,Leon Draisaitl,2018-19,,0.79,,0.73,,0.98
386,Leon Draisaitl,2019-20,0.96,1.05,0.96,0.82,0.5,0.87
387,Leon Draisaitl,2020-21,0.96,1.24,1.0,0.81,1.26,0.97
388,Leon Draisaitl,2021-22,1.5,0.8,0.63,0.84,1.0,1.21
389,Leon Draisaitl,2022-23,0.67,0.97,1.24,0.71,0.67,1.0
390,Leon Draisaitl,2023-24,0.85,0.97,0.65,0.57,1.0,1.1
391,Lucas Raymond,2021-22,,0.61,,0.59,,0.56
392,Lucas Raymond,2022-23,,0.72,,0.45,,0.67
393,Lucas Raymond,2023-24,,0.75,,0.62,,0.83
394,Mark Scheifele,2015-16,,0.65,,0.65,,0.99
395,Mark Scheifele,2016-17,,0.75,,0.57,,0.83
396,Mark Scheifele,2017-18,0.61,0.8,0.88,0.67,0.62,0.94
397,Mark Scheifele,2018-19,0.55,0.85,0.52,0.63,0.82,1.0
398,Mark Scheifele,2019-20,,0.82,,0.6,,0.73
399,Mark Scheifele,2020-21,0.89,0.74,0.89,0.52,1.22,0.84
400,Mark Scheifele,2021-22,,0.74,,0.72,,0.9
401,Mark Scheifele,2022-23,0.0,0.61,0.5,0.79,0.5,0.86
402,Mark Scheifele,2023-24,0.84,0.87,0.55,0.6,0.55,0.93
403,Martin Necas,2018-19,,0.38,,0.38,,0.53
404,Martin Necas,2019-20,0.74,0.5,0.35,0.47,0.35,0.55
405,Martin Necas,2020-21,0.47,0.7,0.6,0.49,0.4,0.55
406,Martin Necas,2021-22,0.5,0.55,0.0,0.42,0.89,0.88
407,Martin Necas,2022-23,0.56,0.74,0.59,0.5,0.26,0.79
408,Martin Necas,2023-24,0.51,0.58,0.49,0.57,0.51,0.58
409,Mathew Barzal,2016-17,,0.0,,0.0,,0.0
410,Mathew Barzal,2017-18,,1.01,,0.57,,0.98
411,Mathew Barzal,2018-19,0.74,0.67,0.46,0.54,0.71,1.14
412,Mathew Barzal,2019-20,0.6,0.78,0.43,0.48,0.9,0.9
413,Mathew Barzal,2020-21,0.69,0.6,0.48,0.57,0.58,0.77
414,Mathew Barzal,2021-22,,0.74,,0.41,,0.72
415,Mathew Barzal,2022-23,0.0,0.81,0.52,0.51,0.41,0.95
416,Mathew Barzal,2023-24,0.84,0.8,0.84,0.48,0.52,1.22
417,Matias Maccelli,2021-22,,0.52,,0.21,,0.66
418,Matias Maccelli,2022-23,,0.66,,0.42,,0.57
419,Matias Maccelli,2023-24,,0.61,,0.41,,0.52
420,Matt Boldy,2021-22,0.0,0.55,0.41,0.63,0.63,0.68
421,Matt Boldy,2022-23,0.55,0.61,0.0,0.7,0.82,0.91
422,Matt Boldy,2023-24,,0.72,,0.56,,0.93
423,Matt Duchene,2015-16,,0.61,,0.59,,0.81
424,Matt Duchene,2016-17,,0.56,,0.56,,0.93
425,Matt Duchene,2017-18,,0.64,,0.55,,0.79
426,Matt Duchene,2018-19,0.97,0.75,0.53,0.64,0.53,0.83
427,Matt Duchene,2019-20,0.5,0.66,0.5,0.44,0.0,0.68
428,Matt Duchene,2020-21,0.52,0.41,0.41,0.52,0.82,0.7
429,Matt Duchene,2021-22,0.5,0.71,0.96,0.73,0.96,0.71
430,Matt Duchene,2022-23,,0.73,,0.52,,0.73
431,Matt Duchene,2023-24,0.42,0.66,0.32,0.52,0.9,0.81
432,Matthew Tkachuk,2016-17,0.0,0.66,0.0,0.41,0.5,0.84
433,Matthew Tkachuk,2017-18,,0.6,,0.62,,0.72
434,Matthew Tkachuk,2018-19,0.45,0.91,0.89,0.67,0.55,0.8
435,Matthew Tkachuk,2019-20,0.41,0.68,0.41,0.59,0.41,0.76
436,Matthew Tkachuk,2020-21,,0.71,,0.53,,0.65
437,Matthew Tkachuk,2021-22,0.52,0.96,0.89,0.65,0.67,0.74
438,Matthew Tkachuk,2022-23,0.81,0.94,0.69,0.73,0.94,0.7
439,Matthew Tkachuk,2023-24,0.86,0.84,0.53,0.59,0.7,0.81
440,Mikael Granlund,2015-16,0.52,0.56,0.41,0.4,1.47,0.78
441,Mikael Granlund,2016-17,0.55,0.61,0.0,0.57,0.84,0.73
442,Mikael Granlund,2017-18,0.55,0.73,0.45,0.62,0.0,0.62
443,Mikael Granlund,2018-19,0.41,0.73,0.41,0.43,0.0,0.76
444,Mikael Granlund,2019-20,0.5,0.48,0.0,0.51,0.0,0.58
445,Mikael Granlund,2020-21,0.84,0.53,0.52,0.44,0.98,0.7
446,Mikael Granlund,2021-22,0.96,0.93,0.0,0.35,0.82,0.97
447,Mikael Granlund,2022-23,,0.59,,0.37,,0.68
448,Mikael Granlund,2023-24,,0.77,,0.38,,0.88
449,Mike Matheson,2015-16,0.45,0.0,0.0,0.0,1.0,0.58
450,Mike Matheson,2016-17,,0.37,,0.32,,0.75
451,Mike Matheson,2017-18,,0.47,,0.37,,1.01
452,Mike Matheson,2018-19,,0.47,,0.35,,1.06
453,Mike Matheson,2019-20,0.0,0.58,0.0,0.35,0.0,0.91
454,Mike Matheson,2020-21,0.0,0.53,0.0,0.32,0.41,0.76
455,Mike Matheson,2021-22,1.11,0.48,0.38,0.39,0.95,0.81
456,Mike Matheson,2022-23,,0.74,,0.38,,1.0
457,Mike Matheson,2023-24,,0.75,,0.34,,0.72
458,Mikko Rantanen,2015-16,,0.0,,0.0,,0.33
459,Mikko Rantanen,2016-17,,0.46,,0.55,,0.89
460,Mikko Rantanen,2017-18,0.82,0.8,0.0,0.53,0.82,0.76
461,Mikko Rantanen,2018-19,0.78,0.9,0.8,0.6,0.83,0.73
462,Mikko Rantanen,2019-20,0.59,0.71,0.52,0.71,0.63,1.02
463,Mikko Rantanen,2020-21,0.79,0.78,0.53,0.64,1.03,0.69
464,Mikko Rantanen,2021-22,1.03,0.89,0.44,0.66,1.02,0.76
465,Mikko Rantanen,2022-23,0.53,0.84,0.82,0.8,1.86,0.83
466,Mikko Rantanen,2023-24,0.83,0.93,0.67,0.71,0.65,0.65
467,Mitchell Marner,2016-17,0.84,0.8,0.41,0.46,0.75,1.04
468,Mitchell Marner,2017-18,0.58,0.83,0.49,0.47,0.98,1.02
469,Mitchell Marner,2018-19,0.49,0.91,0.76,0.54,2.07,1.13
470,Mitchell Marner,2019-20,1.3,0.84,0.0,0.58,0.71,1.22
471,Mitchell Marner,2020-21,0.79,0.83,0.0,0.56,0.79,1.02
472,Mitchell Marner,2021-22,0.69,0.89,0.49,0.77,0.58,0.95
473,Mitchell Marner,2022-23,1.0,0.91,0.65,0.54,1.38,1.17
474,Mitchell Marner,2023-24,0.47,0.94,0.36,0.62,0.73,1.0
475,Nathan Mackinnon,2015-16,,0.6,,0.57,,0.59
476,Nathan Mackinnon,2016-17,,0.63,,0.4,,0.7
477,Nathan Mackinnon,2017-18,0.55,0.93,0.84,0.71,0.0,0.58
478,Nathan Mackinnon,2018-19,0.9,0.84,0.67,0.59,0.79,0.74
479,Nathan Mackinnon,2019-20,0.7,0.88,0.74,0.61,0.64,0.74
480,Nathan Mackinnon,2020-21,0.67,0.89,1.14,0.54,0.97,0.56
481,Nathan Mackinnon,2021-22,0.51,0.95,0.81,0.71,0.8,0.75
482,Nathan Mackinnon,2022-23,0.53,0.96,0.79,0.73,0.49,0.82
483,Nathan Mackinnon,2023-24,0.7,0.83,0.5,0.86,0.87,0.69
484,Nazem Kadri,2015-16,,0.65,,0.56,,0.88
485,Nazem Kadri,2016-17,0.41,0.53,0.41,0.6,0.41,0.82
486,Nazem Kadri,2017-18,0.58,0.51,0.0,0.67,0.96,0.69
487,Nazem Kadri,2018-19,0.71,0.64,0.71,0.56,1.41,0.74
488,Nazem Kadri,2019-20,0.63,0.55,0.74,0.63,0.41,0.61
489,Nazem Kadri,2020-21,0.71,0.62,0.0,0.48,0.71,0.53
490,Nazem Kadri,2021-22,0.82,0.97,0.81,0.52,0.63,0.77
491,Nazem Kadri,2022-23,,0.62,,0.51,,0.57
492,Nazem Kadri,2023-24,,0.69,,0.55,,0.84
493,Nick Foligno,2015-16,,0.59,,0.53,,0.64
494,Nick Foligno,2016-17,1.0,0.65,0.0,0.52,0.5,0.71
495,Nick Foligno,2017-18,0.41,0.55,0.82,0.44,0.55,0.65
496,Nick Foligno,2018-19,0.42,0.43,0.32,0.49,0.84,0.71
497,Nick Foligno,2019-20,0.52,0.5,0.42,0.44,0.84,0.94
498,Nick Foligno,2020-21,0.5,0.49,0.0,0.35,0.58,0.53
499,Nick Foligno,2021-22,0.38,0.42,0.0,0.18,0.79,0.67
500,Nick Foligno,2022-23,0.52,0.55,0.41,0.38,0.41,0.52
501,Nick Foligno,2023-24,,0.67,,0.51,,0.82
502,Nick Schmaltz,2016-17,0.0,0.61,0.0,0.3,0.0,0.94
503,Nick Schmaltz,2017-18,,0.69,,0.53,,0.88
504,Nick Schmaltz,2018-19,,0.68,,0.38,,1.2
505,Nick Schmaltz,2019-20,,0.74,,0.4,,0.88
506,Nick Schmaltz,2020-21,,0.57,,0.4,,0.67
507,Nick Schmaltz,2021-22,,0.87,,0.63,,0.83
508,Nick Schmaltz,2022-23,,0.78,,0.57,,1.03
509,Nick Schmaltz,2023-24,,0.66,,0.53,,0.88
510,Nick Suzuki,2019-20,0.48,0.64,0.7,0.39,1.05,0.69
511,Nick Suzuki,2020-21,0.67,0.69,0.48,0.52,0.71,0.69
512,Nick Suzuki,2021-22,,0.63,,0.49,,0.73
513,Nick Suzuki,2022-23,,0.72,,0.49,,0.69
514,Nick Suzuki,2023-24,,0.63,,0.58,,0.8
515,Nico Hischier,2017-18,0.0,0.6,0.45,0.49,0.55,0.8
516,Nico Hischier,2018-19,,0.65,,0.5,,0.78
517,Nico Hischier,2019-20,,0.56,,0.47,,0.77
518,Nico Hischier,2020-21,,0.44,,0.46,,0.81
519,Nico Hischier,2021-22,,0.71,,0.52,,0.83
520,Nico Hischier,2022-23,0.52,0.72,0.29,0.54,1.0,1.05
521,Nico Hischier,2023-24,,0.73,,0.59,,0.92
522,Nikita Kucherov,2015-16,0.72,0.68,0.79,0.57,0.8,0.72
523,Nikita Kucherov,2016-17,,0.77,,0.76,,0.83
524,Nikita Kucherov,2017-18,0.71,0.85,0.62,0.6,0.64,0.87
525,Nikita Kucherov,2018-19,1.15,1.05,0.0,0.65,0.58,0.88
526,Nikita Kucherov,2019-20,1.15,0.83,0.46,0.63,0.64,0.72
527,Nikita Kucherov,2020-21,0.98,,0.71,,0.73,
528,Nikita Kucherov,2021-22,0.94,1.01,0.49,0.69,0.86,0.59
529,Nikita Kucherov,2022-23,0.98,0.9,0.41,0.56,0.98,0.9
530,Nikita Kucherov,2023-24,0.89,1.1,0.0,0.74,0.0,0.83
531,Noah Dobson,2019-20,,0.39,,0.17,,0.5
532,Noah Dobson,2020-21,0.6,0.48,0.0,0.25,0.37,0.54
533,Noah Dobson,2021-22,,0.64,,0.37,,0.62
534,Noah Dobson,2022-23,0.82,0.62,0.0,0.38,0.84,0.75
535,Noah Dobson,2023-24,0.41,0.97,0.0,0.33,0.5,0.65
536,Oliver Bjorkstrand,2015-16,,0.49,,0.65,,0.67
537,Oliver Bjorkstrand,2016-17,0.45,0.6,0.0,0.43,0.45,0.62
538,Oliver Bjorkstrand,2017-18,0.52,0.6,0.41,0.41,0.55,0.59
539,Oliver Bjorkstrand,2018-19,0.48,0.41,0.42,0.49,0.84,0.59
540,Oliver Bjorkstrand,2019-20,0.0,0.55,0.48,0.65,0.97,0.97
541,Oliver Bjorkstrand,2020-21,,0.63,,0.58,,0.83
542,Oliver Bjorkstrand,2021-22,,0.72,,0.55,,0.93
543,Oliver Bjorkstrand,2022-23,0.47,0.52,0.61,0.49,1.31,0.9
544,Oliver Bjorkstrand,2023-24,,0.72,,0.46,,0.82
545,Owen Tippett,2017-18,,0.0,,0.38,,0.49
546,Owen Tippett,2020-21,0.84,0.48,0.41,0.37,0.84,0.58
547,Owen Tippett,2021-22,,0.38,,0.37,,0.73
548,Owen Tippett,2022-23,,0.48,,0.62,,0.7
549,Owen Tippett,2023-24,,0.59,,0.55,,0.78
550,Pavel Buchnevich,2016-17,0.45,0.56,0.0,0.4,0.0,0.55
551,Pavel Buchnevich,2017-18,,0.59,,0.43,,0.74
552,Pavel Buchnevich,2018-19,,0.51,,0.54,,0.82
553,Pavel Buchnevich,2019-20,0.0,0.68,0.0,0.43,0.58,0.68
554,Pavel Buchnevich,2020-21,,0.69,,0.68,,0.72
555,Pavel Buchnevich,2021-22,0.83,0.74,0.29,0.62,0.98,0.92
556,Pavel Buchnevich,2022-23,,0.86,,0.64,,0.76
557,Pavel Buchnevich,2023-24,,0.73,,0.67,,0.89
558,Philipp Kurashev,2020-21,,0.36,,0.36,,0.51
559,Philipp Kurashev,2021-22,,0.45,,0.29,,0.62
560,Philipp Kurashev,2022-23,,0.49,,0.34,,0.86
561,Philipp Kurashev,2023-24,,0.66,,0.46,,0.82
562,Quinn Hughes,2018-19,,0.89,,0.0,,0.89
563,Quinn Hughes,2019-20,0.81,0.84,0.33,0.37,0.95,0.68
564,Quinn Hughes,2020-21,,0.81,,0.23,,0.73
565,Quinn Hughes,2021-22,,0.87,,0.31,,0.68
566,Quinn Hughes,2022-23,,0.82,,0.33,,0.88
567,Quinn Hughes,2023-24,0.81,1.02,0.0,0.46,0.47,0.74
568,Rasmus Dahlin,2018-19,,0.63,,0.31,,0.72
569,Rasmus Dahlin,2019-20,,0.72,,0.25,,0.49
570,Rasmus Dahlin,2020-21,,0.51,,0.29,,0.47
571,Rasmus Dahlin,2021-22,,0.69,,0.4,,0.65
572,Rasmus Dahlin,2022-23,,0.76,,0.43,,0.88
573,Rasmus Dahlin,2023-24,,0.59,,0.46,,0.69
574,Robert Thomas,2018-19,0.54,0.61,0.22,0.38,0.51,0.68
575,Robert Thomas,2019-20,0.46,0.75,0.35,0.4,0.35,0.76
576,Robert Thomas,2020-21,0.5,0.63,0.0,0.29,0.96,0.59
577,Robert Thomas,2021-22,0.65,0.96,0.58,0.51,0.9,0.96
578,Robert Thomas,2022-23,,0.71,,0.46,,1.09
579,Robert Thomas,2023-24,,0.93,,0.54,,0.91
580,Roman Josi,2015-16,0.76,0.74,0.27,0.44,0.43,0.52
581,Roman Josi,2016-17,0.58,0.73,0.55,0.44,0.79,0.45
582,Roman Josi,2017-18,0.63,0.81,0.0,0.39,0.44,0.62
583,Roman Josi,2018-19,0.82,0.63,0.52,0.45,0.0,0.7
584,Roman Josi,2019-20,0.82,0.75,0.0,0.55,0.58,0.7
585,Roman Josi,2020-21,0.82,0.71,0.0,0.43,0.0,0.66
586,Roman Josi,2021-22,0.5,1.02,0.5,0.51,0.5,0.82
587,Roman Josi,2022-23,,0.83,,0.48,,0.67
588,Roman Josi,2023-24,0.52,0.79,0.41,0.53,0.41,0.7
589,Sam Reinhart,2015-16,,0.46,,0.58,,0.58
590,Sam Reinhart,2016-17,,0.56,,0.41,,0.57
591,Sam Reinhart,2017-18,,0.6,,0.56,,0.76
592,Sam Reinhart,2018-19,,0.71,,0.55,,0.69
593,Sam Reinhart,2019-20,,0.6,,0.53,,0.6
594,Sam Reinhart,2020-21,,0.49,,0.75,,0.61
595,Sam Reinhart,2021-22,0.32,0.79,0.48,0.69,0.7,0.73
596,Sam Reinhart,2022-23,0.44,0.63,0.5,0.58,0.89,0.63
597,Sam Reinhart,2023-24,0.85,0.71,0.58,0.75,0.83,0.79
598,Sebastian Aho,2016-17,,0.51,,0.62,,0.8
599,Sebastian Aho,2017-18,,0.64,,0.56,,0.84
600,Sebastian Aho,2018-19,0.52,0.73,0.49,0.66,0.98,0.9
601,Sebastian Aho,2019-20,0.83,0.6,0.74,0.74,1.25,1.16
602,Sebastian Aho,2020-21,0.82,0.76,0.82,0.68,0.69,0.89
603,Sebastian Aho,2021-22,0.65,0.69,0.61,0.66,1.31,0.93
604,Sebastian Aho,2022-23,0.64,0.74,0.49,0.74,1.1,0.93
605,Sebastian Aho,2023-24,0.98,0.93,0.49,0.64,0.67,0.74
606,Seth Jarvis,2021-22,0.5,0.56,0.58,0.5,1.2,0.45
607,Seth Jarvis,2022-23,0.49,0.56,0.62,0.47,0.74,0.67
608,Seth Jarvis,2023-24,0.78,0.63,0.5,0.6,0.66,0.69
609,Sidney Crosby,2015-16,0.72,0.75,0.44,0.71,1.03,0.78
610,Sidney Crosby,2016-17,0.88,0.77,0.56,0.72,0.76,0.74
611,Sidney Crosby,2017-18,0.95,0.86,0.87,0.55,0.62,0.84
612,Sidney Crosby,2018-19,0.5,0.87,0.0,0.64,0.0,0.87
613,Sidney Crosby,2019-20,0.5,0.97,0.58,0.49,0.5,0.86
614,Sidney Crosby,2020-21,0.41,0.79,0.41,0.54,0.52,1.07
615,Sidney Crosby,2021-22,0.82,0.81,0.52,0.63,1.22,0.68
616,Sidney Crosby,2022-23,,0.86,,0.58,,0.74
617,Sidney Crosby,2023-24,,0.73,,0.72,,0.92
618,Steven Stamkos,2015-16,,0.63,,0.66,,0.91
619,Steven Stamkos,2016-17,,0.79,,0.62,,0.7
620,Steven Stamkos,2017-18,0.51,0.87,0.51,0.6,0.62,0.48
621,Steven Stamkos,2018-19,0.5,0.79,0.5,0.71,0.96,0.57
622,Steven Stamkos,2019-20,,0.77,,0.66,,0.71
623,Steven Stamkos,2020-21,0.66,0.55,0.65,0.55,0.45,0.34
624,Steven Stamkos,2021-22,0.49,0.83,0.67,0.65,0.39,0.64
625,Steven Stamkos,2022-23,0.52,0.68,0.52,0.65,0.89,0.54
626,Steven Stamkos,2023-24,0.45,0.68,0.71,0.8,0.45,0.53
627,Tage Thompson,2017-18,,0.36,,0.26,,0.64
628,Tage Thompson,2018-19,,0.27,,0.31,,0.7
629,Tage Thompson,2020-21,,0.37,,0.41,,0.48
630,Tage Thompson,2021-22,,0.61,,0.72,,0.85
631,Tage Thompson,2022-23,,0.8,,0.9,,0.85
632,Tage Thompson,2023-24,,0.62,,0.71,,0.64
633,Tim Stutzle,2020-21,,0.55,,0.54,,0.56
634,Tim Stutzle,2021-22,,0.66,,0.55,,0.71
635,Tim Stutzle,2022-23,,0.83,,0.7,,0.92
636,Tim Stutzle,2023-24,,0.9,,0.46,,0.83
637,Travis Konecny,2016-17,,0.49,,0.4,,0.57
638,Travis Konecny,2017-18,0.0,0.58,0.41,0.51,0.52,0.58
639,Travis Konecny,2018-19,,0.51,,0.53,,0.67
640,Travis Konecny,2019-20,0.73,0.73,0.0,0.54,0.6,0.61
641,Travis Konecny,2020-21,,0.71,,0.55,,0.59
642,Travis Konecny,2021-22,,0.64,,0.43,,0.53
643,Travis Konecny,2022-23,,0.7,,0.72,,0.67
644,Travis Konecny,2023-24,,0.64,,0.66,,0.83
645,Troy Terry,2017-18,,0.0,,0.0,,0.0
646,Troy Terry,2018-19,,0.73,,0.34,,0.62
647,Troy Terry,2019-20,,0.43,,0.28,,0.73
648,Troy Terry,2020-21,,0.45,,0.41,,0.64
649,Troy Terry,2021-22,,0.62,,0.67,,0.6
650,Troy Terry,2022-23,,0.67,,0.5,,0.82
651,Troy Terry,2023-24,,0.64,,0.57,,0.86
652,Vince Dunn,2017-18,,0.62,,0.25,,0.68
653,Vince Dunn,2018-19,0.47,0.49,0.31,0.4,0.89,0.42
654,Vince Dunn,2019-20,0.5,0.47,0.0,0.34,0.33,0.39
655,Vince Dunn,2020-21,,0.61,,0.35,,0.48
656,Vince Dunn,2021-22,,0.62,,0.3,,0.56
657,Vince Dunn,2022-23,0.65,0.72,0.27,0.38,0.5,0.85
658,Vince Dunn,2023-24,,0.64,,0.39,,0.77
659,Vincent Trocheck,2015-16,0.71,0.69,0.0,0.53,2.83,0.74
660,Vincent Trocheck,2016-17,,0.6,,0.53,,0.84
661,Vincent Trocheck,2017-18,,0.69,,0.62,,0.97
662,Vincent Trocheck,2018-19,,0.6,,0.43,,0.96
663,Vincent Trocheck,2019-20,0.46,0.59,0.0,0.43,1.25,1.05
664,Vincent Trocheck,2020-21,0.33,0.69,0.44,0.53,0.44,0.64
665,Vincent Trocheck,2021-22,0.61,0.6,0.51,0.47,1.03,0.68
666,Vincent Trocheck,2022-23,0.0,0.67,0.38,0.5,1.5,0.82
667,Vincent Trocheck,2023-24,0.68,0.87,0.52,0.58,0.91,0.72
668,William Eklund,2021-22,,0.53,,0.0,,0.44
669,William Eklund,2022-23,,0.35,,0.46,,0.35
670,William Eklund,2023-24,,0.58,,0.49,,0.49
671,William Karlsson,2015-16,,0.44,,0.39,,0.85
672,William Karlsson,2016-17,0.45,0.45,0.55,0.26,0.45,0.63
673,William Karlsson,2017-18,0.75,0.59,0.59,0.72,1.09,0.98
674,William Karlsson,2018-19,0.79,0.62,0.49,0.51,1.46,0.97
675,William Karlsson,2019-20,0.57,0.69,0.41,0.56,0.75,0.96
676,William Karlsson,2020-21,0.83,0.69,0.42,0.48,0.77,0.87
677,William Karlsson,2021-22,,0.57,,0.39,,0.91
678,William Karlsson,2022-23,0.46,0.65,0.67,0.38,0.81,0.74
679,William Karlsson,2023-24,0.49,0.58,0.0,0.55,0.49,0.84
680,William Nylander,2015-16,,0.65,,0.46,,0.83
681,William Nylander,2016-17,0.84,0.55,0.41,0.55,1.1,0.77
682,William Nylander,2017-18,0.79,0.59,0.38,0.51,0.53,0.97
683,William Nylander,2018-19,0.49,0.71,0.38,0.34,1.38,0.72
684,William Nylander,2019-20,0.55,0.53,0.55,0.61,0.0,0.9
685,William Nylander,2020-21,0.79,0.73,0.49,0.55,0.9,0.78
686,William Nylander,2021-22,0.98,0.61,0.79,0.63,0.49,1.0
687,William Nylander,2022-23,0.93,0.75,0.5,0.59,0.6,0.98
688,William Nylander,2023-24,0.0,0.76,0.96,0.65,0.5,1.06
689,Yegor Sharangovich,2020-21,,0.48,,0.5,,0.82
690,Yegor Sharangovich,2021-22,,0.51,,0.59,,0.85
691,Yegor Sharangovich,2022-23,0.0,0.48,0.0,0.42,1.73,0.74
692,Yegor Sharangovich,2023-24,,0.57,,0.64,,0.68
693,Zach Werenski,2016-17,0.0,0.7,0.58,0.35,0.0,0.68
694,Zach Werenski,2017-18,0.82,0.58,0.41,0.41,0.82,0.71
695,Zach Werenski,2018-19,0.53,0.61,0.32,0.38,0.53,0.79
696,Zach Werenski,2019-20,0.42,0.51,0.32,0.62,0.85,0.72
697,Zach Werenski,2020-21,,0.55,,0.41,,0.57
698,Zach Werenski,2021-22,,0.74,,0.37,,0.76
699,Zach Werenski,2022-23,,0.51,,0.44,,1.26
700,Zach Werenski,2023-24,,0.76,,0.47,,0.73
